{"cameraMode":{"drawMode":0,"name":"Shaded","section":"Shading Mode"},"sceneLighting":true,"audioPlay":false,"sceneViewState":{"m_AlwaysRefresh":false,"showFog":true,"showSkybox":true,"showFlares":true,"showImageEffects":true,"showParticleSystems":true,"showVisualEffectGraphs":true,"m_FxEnabled":true},"in2DMode":false,"pivot":{"x":-4.112703800201416,"y":12.843635559082032,"z":-122.64540100097656},"rotation":{"x":-0.0005819270736537874,"y":-0.9993886947631836,"z":-0.0284902211278677,"w":0.02038797177374363},"size":37.81966018676758,"orthographic":false}