{"cameraMode":{"drawMode":0,"name":"Shaded","section":"Shading Mode"},"sceneLighting":false,"audioPlay":false,"sceneViewState":{"m_AlwaysRefresh":false,"showFog":true,"showSkybox":false,"showFlares":true,"showImageEffects":true,"showParticleSystems":true,"showVisualEffectGraphs":true,"m_FxEnabled":true},"in2DMode":false,"pivot":{"x":-2.040358543395996,"y":0.027341455221176149,"z":-3.172605514526367},"rotation":{"x":-0.10453537106513977,"y":-0.7436361312866211,"z":0.11972089111804962,"w":-0.6494532823562622},"size":0.6296923756599426,"orthographic":false}